Userid,Last Submission
g-a2_cmpt300,2022/10/24 17:09:27
g-a2_icruiksh,2022/10/23 14:46:33
g-alex_brumasean_burnett,2022/10/23 17:29:26
g-arjun-solo,2022/10/29 23:12:10
g-assign2solo,2022/10/26 02:14:35
g-assignment-2-tal-and-matthew,2022/10/24 19:26:57
g-ben-smuss-group,2022/10/23 13:55:22
g-bryan-lucas,2022/10/24 23:31:43
g-david,2022/10/24 23:01:25
g-fenil,2022/10/24 23:44:07
g-jamie-ethan,2022/10/24 23:02:30
g-jashanfreddyassignment2,2022/10/24 19:33:28
g-june,2022/10/23 03:28:52
g-junhang-wu-301435761,2022/10/24 17:22:28
g-justin_raymond,2022/10/24 17:18:21
g-nathalie,2022/10/24 18:28:10
g-only-ikenna-okpala,2022/10/24 21:41:50
g-parm-gidda-solo,2022/10/24 17:37:30
g-sahil,2022/10/23 21:15:15
g-sid_ihadnocluethiswasgroupass,2022/10/24 23:19:05
g-sleepy,2022/10/26 22:40:16
g-tao,2022/10/23 22:09:05
g-vikram-sodhan,2022/10/26 22:03:45
g-vishwa,2022/10/24 23:24:05
g-yup,2022/10/25 22:28:41
